{"cameraMode":{"drawMode":0,"name":"Shaded","section":"Shading Mode"},"sceneLighting":false,"audioPlay":false,"sceneViewState":{"m_AlwaysRefresh":false,"showFog":true,"showSkybox":false,"showFlares":true,"showImageEffects":true,"showParticleSystems":true,"showVisualEffectGraphs":true,"m_FxEnabled":true},"in2DMode":false,"pivot":{"x":29.893308639526368,"y":-10.794612884521485,"z":21.114097595214845},"rotation":{"x":0.015502439811825753,"y":-0.98218834400177,"z":0.16354818642139436,"w":0.09248406440019608},"size":1.229460597038269,"orthographic":false}