{"cameraMode":{"drawMode":0,"name":"Shaded","section":"Shading Mode"},"sceneLighting":false,"audioPlay":false,"sceneViewState":{"m_AlwaysRefresh":false,"showFog":true,"showSkybox":false,"showFlares":true,"showImageEffects":true,"showParticleSystems":true,"showVisualEffectGraphs":true,"m_FxEnabled":true},"in2DMode":false,"pivot":{"x":53.45429992675781,"y":0.17949283123016358,"z":25.092594146728517},"rotation":{"x":-0.15945161879062653,"y":0.727295458316803,"z":-0.18023718893527986,"w":-0.6428837776184082},"size":0.1917584091424942,"orthographic":false}