{"cameraMode":{"drawMode":0,"name":"Shaded","section":"Shading Mode"},"sceneLighting":false,"audioPlay":false,"sceneViewState":{"m_AlwaysRefresh":false,"showFog":true,"showSkybox":true,"showFlares":true,"showImageEffects":true,"showParticleSystems":true,"showVisualEffectGraphs":true,"m_FxEnabled":true},"in2DMode":false,"pivot":{"x":42.73565673828125,"y":12.019396781921387,"z":32.374725341796878},"rotation":{"x":-0.24024978280067445,"y":-0.7207219004631043,"z":0.30469152331352236,"w":-0.5772074460983276},"size":0.8660253882408142,"orthographic":false}