{"cameraMode":{"drawMode":0,"name":"Shaded","section":"Shading Mode"},"sceneLighting":false,"audioPlay":false,"sceneViewState":{"m_AlwaysRefresh":false,"showFog":true,"showSkybox":true,"showFlares":true,"showImageEffects":true,"showParticleSystems":true,"showVisualEffectGraphs":true,"m_FxEnabled":true},"in2DMode":false,"pivot":{"x":-187.18690490722657,"y":112.44891357421875,"z":-82.89532470703125},"rotation":{"x":0.13288424909114839,"y":-0.8282156586647034,"z":0.22127582132816316,"w":0.4978785812854767},"size":0.5028737783432007,"orthographic":false}