{"cameraMode":{"drawMode":0,"name":"Shaded","section":"Shading Mode"},"sceneLighting":false,"audioPlay":false,"sceneViewState":{"m_AlwaysRefresh":false,"showFog":true,"showSkybox":true,"showFlares":true,"showImageEffects":true,"showParticleSystems":true,"showVisualEffectGraphs":true,"m_FxEnabled":true},"in2DMode":false,"pivot":{"x":-55.09152603149414,"y":198.1712188720703,"z":-14.618602752685547},"rotation":{"x":0.052053309977054599,"y":-0.909483790397644,"z":0.11992957442998886,"w":0.39472249150276186},"size":1.7580841779708863,"orthographic":false}