{"cameraMode":{"drawMode":0,"name":"Shaded","section":"Shading Mode"},"sceneLighting":false,"audioPlay":false,"sceneViewState":{"m_AlwaysRefresh":false,"showFog":true,"showSkybox":true,"showFlares":true,"showImageEffects":true,"showParticleSystems":true,"showVisualEffectGraphs":true,"m_FxEnabled":true},"in2DMode":false,"pivot":{"x":-53.025665283203128,"y":200.6470184326172,"z":-5.9051408767700199},"rotation":{"x":-0.008896899409592152,"y":-0.9755154848098755,"z":0.21712537109851838,"w":-0.039781294763088229},"size":0.9723369479179382,"orthographic":false}