{"cameraMode":{"drawMode":0,"name":"Shaded","section":"Shading Mode"},"sceneLighting":false,"audioPlay":false,"sceneViewState":{"m_AlwaysRefresh":false,"showFog":true,"showSkybox":true,"showFlares":true,"showImageEffects":true,"showParticleSystems":true,"showVisualEffectGraphs":true,"m_FxEnabled":true},"in2DMode":false,"pivot":{"x":-108.3432388305664,"y":221.6572723388672,"z":-232.77468872070313},"rotation":{"x":0.0036317657213658096,"y":0.9782184958457947,"z":-0.2140445113182068,"w":0.018739763647317888},"size":7.088723659515381,"orthographic":false}