{"cameraMode":{"drawMode":0,"name":"Shaded","section":"Shading Mode"},"sceneLighting":false,"audioPlay":false,"sceneViewState":{"m_AlwaysRefresh":false,"showFog":true,"showSkybox":true,"showFlares":true,"showImageEffects":true,"showParticleSystems":true,"showVisualEffectGraphs":true,"m_FxEnabled":true},"in2DMode":false,"pivot":{"x":-48.05531692504883,"y":200.58197021484376,"z":-10.589632034301758},"rotation":{"x":0.16592031717300416,"y":-0.6486207246780396,"z":0.14786146581172944,"w":0.7279764413833618},"size":0.8693187236785889,"orthographic":false}