{"cameraMode":{"drawMode":0,"name":"Shaded","section":"Shading Mode"},"sceneLighting":false,"audioPlay":false,"sceneViewState":{"m_AlwaysRefresh":false,"showFog":true,"showSkybox":true,"showFlares":true,"showImageEffects":true,"showParticleSystems":true,"showVisualEffectGraphs":true,"m_FxEnabled":true},"in2DMode":false,"pivot":{"x":-0.09601211547851563,"y":191.07969665527345,"z":-766.7488403320313},"rotation":{"x":0.0008632098324596882,"y":0.9957377314567566,"z":-0.009269763715565205,"w":0.0919841080904007},"size":49.444156646728519,"orthographic":false}