{"cameraMode":{"drawMode":0,"name":"Shaded","section":"Shading Mode"},"sceneLighting":false,"audioPlay":false,"sceneViewState":{"m_AlwaysRefresh":false,"showFog":true,"showSkybox":true,"showFlares":true,"showImageEffects":true,"showParticleSystems":true,"showVisualEffectGraphs":true,"m_FxEnabled":true},"in2DMode":false,"pivot":{"x":-54.161705017089847,"y":198.93421936035157,"z":-9.803448677062989},"rotation":{"x":0.25296372175216677,"y":0.060361795127391818,"z":-0.01587536558508873,"w":0.9656561017036438},"size":0.8693187236785889,"orthographic":false}