{"cameraMode":{"drawMode":0,"name":"Shaded","section":"Shading Mode"},"sceneLighting":false,"audioPlay":false,"sceneViewState":{"m_AlwaysRefresh":false,"showFog":true,"showSkybox":true,"showFlares":true,"showImageEffects":true,"showParticleSystems":true,"showVisualEffectGraphs":true,"m_FxEnabled":true},"in2DMode":false,"pivot":{"x":-347.94354248046877,"y":67.84362030029297,"z":1198.52783203125},"rotation":{"x":0.08122146874666214,"y":0.004167265724390745,"z":-0.0003237611672375351,"w":0.9967093467712402},"size":439.5221862792969,"orthographic":false}