{"cameraMode":{"drawMode":0,"name":"Shaded","section":"Shading Mode"},"sceneLighting":false,"audioPlay":false,"sceneViewState":{"m_AlwaysRefresh":false,"showFog":true,"showSkybox":false,"showFlares":true,"showImageEffects":true,"showParticleSystems":true,"showVisualEffectGraphs":true,"m_FxEnabled":true},"in2DMode":false,"pivot":{"x":-53.46009063720703,"y":198.50999450683595,"z":-7.806500434875488},"rotation":{"x":0.25296372175216677,"y":0.060361795127391818,"z":-0.01587536558508873,"w":0.9656561017036438},"size":0.9723369479179382,"orthographic":false}